{"cameraMode":{"drawMode":0,"name":"Shaded","section":"Shading Mode"},"sceneLighting":true,"audioPlay":false,"sceneViewState":{"showFog":true,"showMaterialUpdate":false,"showSkybox":true,"showFlares":true,"showImageEffects":true,"showParticleSystems":true},"in2DMode":false,"pivot":{"x":-38.19453811645508,"y":51.776493072509769,"z":83.82039642333985},"rotation":{"x":-0.5850962996482849,"y":-0.038404908031225207,"z":0.027755877003073694,"w":-0.8095787167549133},"size":339.5961608886719,"orthographic":false}