{"cameraMode":{"drawMode":0,"name":"Shaded","section":"Shading Mode"},"sceneLighting":true,"audioPlay":false,"sceneViewState":{"showFog":true,"showMaterialUpdate":false,"showSkybox":true,"showFlares":true,"showImageEffects":true,"showParticleSystems":true},"in2DMode":false,"pivot":{"x":-40.900108337402347,"y":0.3275132179260254,"z":-14.073174476623536},"rotation":{"x":-0.623920202255249,"y":0.009843504056334496,"z":-0.007859965786337853,"w":-0.7813908457756043},"size":16.664182662963868,"orthographic":false}