{"cameraMode":{"drawMode":0,"name":"Shaded","section":"Shading Mode"},"sceneLighting":true,"audioPlay":false,"sceneViewState":{"showFog":true,"showMaterialUpdate":false,"showSkybox":true,"showFlares":true,"showImageEffects":true,"showParticleSystems":true},"in2DMode":false,"pivot":{"x":281.20257568359377,"y":165.39840698242188,"z":0.0},"rotation":{"x":-0.623920202255249,"y":0.009843504056334496,"z":-0.007859965786337853,"w":-0.7813908457756043},"size":377.32843017578127,"orthographic":false}