{"cameraMode":{"drawMode":0,"name":"Shaded","section":"Shading Mode"},"sceneLighting":true,"audioPlay":false,"sceneViewState":{"showFog":true,"showMaterialUpdate":false,"showSkybox":false,"showFlares":true,"showImageEffects":true,"showParticleSystems":true},"in2DMode":false,"pivot":{"x":0.0,"y":3.4300003051757814,"z":-36.412452697753909},"rotation":{"x":-0.46808668971061709,"y":-0.05903970077633858,"z":0.031364161521196368,"w":-0.881156325340271},"size":323.0526428222656,"orthographic":false}