{"cameraMode":{"drawMode":0,"name":"Shaded","section":"Shading Mode"},"sceneLighting":true,"audioPlay":false,"sceneViewState":{"showFog":true,"showMaterialUpdate":false,"showSkybox":true,"showFlares":true,"showImageEffects":true,"showParticleSystems":true},"in2DMode":false,"pivot":{"x":-1708.634033203125,"y":0.3768593966960907,"z":-763.96142578125},"rotation":{"x":-0.3577210009098053,"y":-0.4481905698776245,"z":0.2019311934709549,"w":-0.7939680814743042},"size":45.483062744140628,"orthographic":false}