{"cameraMode":{"drawMode":0,"name":"Shaded","section":"Shading Mode"},"sceneLighting":true,"audioPlay":false,"sceneViewState":{"showFog":true,"showMaterialUpdate":false,"showSkybox":true,"showFlares":true,"showImageEffects":true,"showParticleSystems":true},"in2DMode":false,"pivot":{"x":522.8206787109375,"y":509.96868896484377,"z":73.40924072265625},"rotation":{"x":-0.21549615263938905,"y":0.37559494376182558,"z":-0.09024998545646668,"w":-0.8968595266342163},"size":1078.41552734375,"orthographic":false}