{"cameraMode":{"drawMode":0,"name":"Shaded","section":"Shading Mode"},"sceneLighting":false,"audioPlay":false,"sceneViewState":{"showFog":true,"showMaterialUpdate":false,"showSkybox":false,"showFlares":true,"showImageEffects":true,"showParticleSystems":true},"in2DMode":false,"pivot":{"x":-5.66500997543335,"y":-0.008372195065021515,"z":3.278857707977295},"rotation":{"x":-0.008078153245151043,"y":-0.6645216345787048,"z":0.007182309404015541,"w":-0.747195839881897},"size":11.397671699523926,"orthographic":false}