{"cameraMode":{"drawMode":0,"name":"Shaded","section":"Shading Mode"},"sceneLighting":false,"audioPlay":false,"sceneViewState":{"showFog":true,"showMaterialUpdate":false,"showSkybox":true,"showFlares":true,"showImageEffects":true,"showParticleSystems":true},"in2DMode":false,"pivot":{"x":0.5500503778457642,"y":0.06999999284744263,"z":6.036026954650879},"rotation":{"x":-0.46808668971061709,"y":-0.05903970077633858,"z":0.031364161521196368,"w":-0.881156325340271},"size":0.8507378101348877,"orthographic":false}