{"cameraMode":{"drawMode":0,"name":"Shaded","section":"Shading Mode"},"sceneLighting":false,"audioPlay":false,"sceneViewState":{"showFog":true,"showMaterialUpdate":false,"showSkybox":false,"showFlares":true,"showImageEffects":true,"showParticleSystems":true},"in2DMode":false,"pivot":{"x":0.9913692474365234,"y":1.748122215270996,"z":-8.983564376831055},"rotation":{"x":-0.050170522183179858,"y":0.6310375332832336,"z":-0.040955621749162677,"w":-0.7730507254600525},"size":15.861732482910157,"orthographic":false}