{"cameraMode":{"drawMode":0,"name":"Shaded","section":"Shading Mode"},"sceneLighting":true,"audioPlay":false,"sceneViewState":{"showFog":true,"showMaterialUpdate":false,"showSkybox":false,"showFlares":true,"showImageEffects":true,"showParticleSystems":true},"in2DMode":false,"pivot":{"x":-1.0328559875488282,"y":2.8977136611938478,"z":9.3794527053833},"rotation":{"x":-0.09904282540082932,"y":0.3452729880809784,"z":-0.03666860610246658,"w":-0.9325480461120606},"size":19.959869384765626,"orthographic":false}