{"cameraMode":{"drawMode":0,"name":"Shaded","section":"Shading Mode"},"sceneLighting":false,"audioPlay":false,"sceneViewState":{"showFog":true,"showMaterialUpdate":false,"showSkybox":false,"showFlares":true,"showImageEffects":true,"showParticleSystems":true},"in2DMode":false,"pivot":{"x":-1.0144786834716797,"y":-0.8295564651489258,"z":-7.500038146972656},"rotation":{"x":-0.21194373071193696,"y":0.6964457035064697,"z":-0.22833320498466493,"w":-0.6464671492576599},"size":21.510902404785158,"orthographic":false}