{"cameraMode":{"drawMode":0,"name":"Shaded","section":"Shading Mode"},"sceneLighting":true,"audioPlay":false,"sceneViewState":{"showFog":true,"showMaterialUpdate":false,"showSkybox":true,"showFlares":true,"showImageEffects":true,"showParticleSystems":true},"in2DMode":false,"pivot":{"x":-37.705291748046878,"y":-1.312459945678711,"z":48.21487808227539},"rotation":{"x":0.24095042049884797,"y":0.05965165048837662,"z":-0.014771434478461743,"w":0.9685913920402527},"size":553.3745727539063,"orthographic":false}