{"cameraMode":{"drawMode":0,"name":"Shaded","section":"Shading Mode"},"sceneLighting":true,"audioPlay":false,"sceneViewState":{"showFog":true,"showMaterialUpdate":false,"showSkybox":true,"showFlares":true,"showImageEffects":true,"showParticleSystems":true},"in2DMode":false,"pivot":{"x":183.78713989257813,"y":-0.0624777153134346,"z":-165.83450317382813},"rotation":{"x":-0.21549615263938905,"y":0.37559494376182558,"z":-0.09024998545646668,"w":-0.8968595266342163},"size":14.536635398864746,"orthographic":false}