{"cameraMode":{"drawMode":0,"name":"Shaded","section":"Shading Mode"},"sceneLighting":true,"audioPlay":false,"sceneViewState":{"showFog":true,"showMaterialUpdate":false,"showSkybox":true,"showFlares":true,"showImageEffects":true,"showParticleSystems":true},"in2DMode":false,"pivot":{"x":-26.37285614013672,"y":0.034749872982501987,"z":50.39219284057617},"rotation":{"x":-0.46808668971061709,"y":-0.05903970077633858,"z":0.031364161521196368,"w":-0.881156325340271},"size":38.12827682495117,"orthographic":false}