{"cameraMode":{"drawMode":0,"name":"Shaded","section":"Shading Mode"},"sceneLighting":false,"audioPlay":false,"sceneViewState":{"showFog":true,"showMaterialUpdate":false,"showSkybox":true,"showFlares":true,"showImageEffects":true,"showParticleSystems":true},"in2DMode":false,"pivot":{"x":-1.5190178155899048,"y":-0.2762763500213623,"z":-0.22136104106903077},"rotation":{"x":-0.4767804443836212,"y":0.25054261088371279,"z":-0.14388643205165864,"w":-0.8301906585693359},"size":21.297527313232423,"orthographic":false}