{"cameraMode":{"drawMode":0,"name":"Shaded","section":"Shading Mode"},"sceneLighting":true,"audioPlay":false,"sceneViewState":{"showFog":true,"showMaterialUpdate":false,"showSkybox":true,"showFlares":true,"showImageEffects":true,"showParticleSystems":true},"in2DMode":false,"pivot":{"x":8.9052734375,"y":28.604217529296876,"z":22.53921127319336},"rotation":{"x":-0.46808668971061709,"y":-0.05903970077633858,"z":0.031364161521196368,"w":-0.881156325340271},"size":6.244538307189941,"orthographic":false}