{"cameraMode":{"drawMode":0,"name":"Shaded","section":"Shading Mode"},"sceneLighting":true,"audioPlay":false,"sceneViewState":{"showFog":true,"showMaterialUpdate":false,"showSkybox":true,"showFlares":true,"showImageEffects":true,"showParticleSystems":true},"in2DMode":false,"pivot":{"x":-52.20709228515625,"y":0.0656353235244751,"z":9.511560440063477},"rotation":{"x":0.38759180903434756,"y":0.0348522774875164,"z":-0.014644955284893513,"w":0.9210792183876038},"size":3.2778778076171877,"orthographic":false}