{"cameraMode":{"drawMode":0,"name":"Shaded","section":"Shading Mode"},"sceneLighting":true,"audioPlay":false,"sceneViewState":{"showFog":true,"showMaterialUpdate":false,"showSkybox":true,"showFlares":true,"showImageEffects":true,"showParticleSystems":true},"in2DMode":false,"pivot":{"x":-127.63494873046875,"y":0.07563413679599762,"z":63.05451583862305},"rotation":{"x":-0.5191136002540588,"y":0.2455458641052246,"z":-0.15876255929470063,"w":-0.8031608462333679},"size":229.5296630859375,"orthographic":false}