{"cameraMode":{"drawMode":0,"name":"Shaded","section":"Shading Mode"},"sceneLighting":true,"audioPlay":false,"sceneViewState":{"showFog":true,"showMaterialUpdate":false,"showSkybox":true,"showFlares":true,"showImageEffects":true,"showParticleSystems":true},"in2DMode":false,"pivot":{"x":162.2716064453125,"y":21.769100189208986,"z":-171.8177032470703},"rotation":{"x":-0.21549615263938905,"y":0.37559494376182558,"z":-0.09024998545646668,"w":-0.8968595266342163},"size":14.536635398864746,"orthographic":false}