{"cameraMode":{"drawMode":0,"name":"Shaded","section":"Shading Mode"},"sceneLighting":false,"audioPlay":false,"sceneViewState":{"showFog":true,"showMaterialUpdate":false,"showSkybox":false,"showFlares":true,"showImageEffects":true,"showParticleSystems":true},"in2DMode":false,"pivot":{"x":-17.124658584594728,"y":-22.939682006835939,"z":-8.505510330200196},"rotation":{"x":-0.3221426010131836,"y":0.6393601298332214,"z":-0.33678051829338076,"w":-0.611587405204773},"size":46.512508392333987,"orthographic":false}