{"cameraMode":{"drawMode":0,"name":"Shaded","section":"Shading Mode"},"sceneLighting":true,"audioPlay":false,"sceneViewState":{"showFog":true,"showMaterialUpdate":false,"showSkybox":true,"showFlares":true,"showImageEffects":true,"showParticleSystems":true},"in2DMode":false,"pivot":{"x":-0.4323484003543854,"y":0.012041501700878144,"z":1.808973789215088},"rotation":{"x":-0.3606778383255005,"y":-0.4317112863063812,"z":0.19372831284999848,"w":-0.8037474751472473},"size":2.0507376194000246,"orthographic":false}